1759820219772,VALUE,141.57568359375
1759820224768,VALUE,141.57568359375
1759820229768,VALUE,141.57568359375
1759820234770,VALUE,141.57568359375
1759820239767,VALUE,141.57568359375
1759820244768,VALUE,141.57568359375
1759820249764,VALUE,141.57568359375
1759820254767,VALUE,141.57568359375
1759820259776,VALUE,141.57568359375
1759820264767,VALUE,141.57568359375
1759820269765,VALUE,141.57568359375
1759820274767,VALUE,141.57568359375
1759820279762,VALUE,141.57568359375
1759820284772,VALUE,141.57568359375
1759820289766,VALUE,141.57568359375
1759820294767,VALUE,141.57568359375
1759820299767,VALUE,141.57568359375
1759820304768,VALUE,141.57568359375
1759820309762,VALUE,141.57568359375
1759820314767,VALUE,141.57568359375
1759820319767,VALUE,141.57568359375
1759820324777,VALUE,141.57568359375
1759820329766,VALUE,141.57568359375
1759820334775,VALUE,141.57568359375
1759820339766,VALUE,141.57568359375
1759820344765,VALUE,141.57568359375
1759820349763,VALUE,141.57568359375
1759820354760,VALUE,141.57568359375
1759820359762,VALUE,141.57568359375
1759820364771,VALUE,141.57568359375
1759820369763,VALUE,141.57568359375
1759820374771,VALUE,141.57568359375
1759820379760,VALUE,141.57568359375
1759820384770,VALUE,141.57568359375
1759820389765,VALUE,141.57568359375
1759820394769,VALUE,141.57568359375
1759820399761,VALUE,141.57568359375
1759820404764,VALUE,141.57568359375
1759820409761,VALUE,141.57568359375
1759820414764,VALUE,141.57568359375
1759820419760,VALUE,141.57568359375
1759820424770,VALUE,141.57568359375
1759820429763,VALUE,141.57568359375
1759820434763,VALUE,141.57568359375
1759820439768,VALUE,141.57568359375
1759820444763,VALUE,141.57568359375
1759820449760,VALUE,141.57568359375
1759820454760,VALUE,141.57568359375
1759820459760,VALUE,141.57568359375
1759820464765,VALUE,141.57568359375
1759820469762,VALUE,141.57568359375
1759820474757,VALUE,141.57568359375
1759820479761,VALUE,141.57568359375
1759820484761,VALUE,141.57568359375
1759820489762,VALUE,141.57568359375
1759820494764,VALUE,141.57568359375
1759820499760,VALUE,141.57568359375
1759820504763,VALUE,141.57568359375
1759820509759,VALUE,141.57568359375
1759820514762,VALUE,141.57568359375
1759820519761,VALUE,141.57568359375
1759820524760,VALUE,141.57568359375
1759820529757,VALUE,141.57568359375
1759820534760,VALUE,141.57568359375
1759820539755,VALUE,141.57568359375
1759820544760,VALUE,141.57568359375
1759820549761,VALUE,141.57568359375
1759820554762,VALUE,141.57568359375
1759820559759,VALUE,141.57568359375
1759820564763,VALUE,141.57568359375
1759820569757,VALUE,141.57568359375
1759820574760,VALUE,141.57568359375
1759820579759,VALUE,141.57568359375
1759820584766,VALUE,141.57568359375
1759820589769,VALUE,141.57568359375
1759820594784,VALUE,141.57568359375
1759820599760,VALUE,141.57568359375
1759820604759,VALUE,141.57568359375
1759820609755,VALUE,141.57568359375
1759820614760,VALUE,141.57568359375
1759820619756,VALUE,141.57568359375
1759820624755,VALUE,141.57568359375
1759820629761,VALUE,141.57568359375
1759820634761,VALUE,141.57568359375
1759820639758,VALUE,141.57568359375
1759820644771,VALUE,141.57568359375
1759820649758,VALUE,141.57568359375
1759820654756,VALUE,141.57568359375
1759820659753,VALUE,141.57568359375
1759820664758,VALUE,141.57568359375
1759820669753,VALUE,141.57568359375
1759820674756,VALUE,141.57568359375
1759820679754,VALUE,141.57568359375
1759820684758,VALUE,141.57568359375
1759820689754,VALUE,141.57568359375
1759820694757,VALUE,141.57568359375
1759820699754,VALUE,141.57568359375
1759820704757,VALUE,141.57568359375
1759820709757,VALUE,141.57568359375
1759820714756,VALUE,141.57568359375
1759820719755,VALUE,141.57568359375
1759820724752,VALUE,141.57568359375
1759820729752,VALUE,141.57568359375
1759820734752,VALUE,141.57568359375
1759820739751,VALUE,141.57568359375
1759820744755,VALUE,141.57568359375
1759820749751,VALUE,141.57568359375
1759820754759,VALUE,141.57568359375
1759820759755,VALUE,141.57568359375
1759820764774,VALUE,141.57568359375
1759820769762,VALUE,141.57568359375
1759820774758,VALUE,141.57568359375
1759820779754,VALUE,141.57568359375
1759820784754,VALUE,141.57568359375
1759820789753,VALUE,141.57568359375
1759820794757,VALUE,141.57568359375
1759820799752,VALUE,141.57568359375
1759820804752,VALUE,141.57568359375
1759820809749,VALUE,141.57568359375
1759820814753,VALUE,141.57568359375
1759820819750,VALUE,127.797607421875
1759820824749,VALUE,127.797607421875
1759820829749,VALUE,127.797607421875
1759820834753,VALUE,127.797607421875
1759820839750,VALUE,127.797607421875
1759820844755,VALUE,127.797607421875
1759820849751,VALUE,127.797607421875
1759820854751,VALUE,127.797607421875
1759820859750,VALUE,127.797607421875
1759820864757,VALUE,127.797607421875
1759820869750,VALUE,127.797607421875
1759820874753,VALUE,127.797607421875
1759820879749,VALUE,127.797607421875
1759820884748,VALUE,127.797607421875
1759820889755,VALUE,127.797607421875
1759820894752,VALUE,127.797607421875
1759820899751,VALUE,127.797607421875
1759820904752,VALUE,127.797607421875
1759820909749,VALUE,127.797607421875
1759820914749,VALUE,127.797607421875
1759820919749,VALUE,127.797607421875
1759820924754,VALUE,127.797607421875
1759820929747,VALUE,127.797607421875
1759820934751,VALUE,127.797607421875
1759820939746,VALUE,127.797607421875
1759820944752,VALUE,127.797607421875
1759820949751,VALUE,127.797607421875
1759820954748,VALUE,127.797607421875
1759820959747,VALUE,127.797607421875
1759820964750,VALUE,127.797607421875
1759820969750,VALUE,127.797607421875
1759820974751,VALUE,127.797607421875
1759820979748,VALUE,127.797607421875
1759820984748,VALUE,127.797607421875
1759820989750,VALUE,127.797607421875
1759820994752,VALUE,127.797607421875
1759820999745,VALUE,127.797607421875
1759821004752,VALUE,127.797607421875
1759821009747,VALUE,127.797607421875
1759821014754,VALUE,127.797607421875
1759821019760,VALUE,127.797607421875
1759821024757,VALUE,127.797607421875
1759821029752,VALUE,127.797607421875
1759821034763,VALUE,127.797607421875
1759821082793,VALUE,127.797607421875
1759821087801,VALUE,127.797607421875
1759821092798,VALUE,127.797607421875
1759821097799,VALUE,127.797607421875
1759821102792,VALUE,127.797607421875
1759821107798,VALUE,127.797607421875
1759821112795,VALUE,127.797607421875
1759821117798,VALUE,127.797607421875
1759821122799,VALUE,127.797607421875
1759821127798,VALUE,127.797607421875
1759821132793,VALUE,127.797607421875
1759821137797,VALUE,127.797607421875
1759821142794,VALUE,127.797607421875
1759821147795,VALUE,127.797607421875
1759821152792,VALUE,127.797607421875
1759821194618,VALUE,127.797607421875
1759821199603,VALUE,127.797607421875
1759821204607,VALUE,127.797607421875
1759821209605,VALUE,127.797607421875
1759821214605,VALUE,127.797607421875
1759821219594,VALUE,127.797607421875
1759821224596,VALUE,127.797607421875
1759821229595,VALUE,127.797607421875
1759821234600,VALUE,127.797607421875
1759821239593,VALUE,127.797607421875
1759821244600,VALUE,127.797607421875
1759821249599,VALUE,127.797607421875
1759821254600,VALUE,127.797607421875
1759821259601,VALUE,127.797607421875
1759821264599,VALUE,127.797607421875
1759821274809,VALUE,127.797607421875
1759821279810,VALUE,127.797607421875
1759821284805,VALUE,127.797607421875
1759821289803,VALUE,127.797607421875
1759821294801,VALUE,127.797607421875
1759821299805,VALUE,127.797607421875
1759821304803,VALUE,127.797607421875
1759821309831,VALUE,127.797607421875
1759821314819,VALUE,127.797607421875
1759821319813,VALUE,127.797607421875
1759821324801,VALUE,127.797607421875
1759821329807,VALUE,127.797607421875
1759821334799,VALUE,127.797607421875
1759821339802,VALUE,127.797607421875
1759821344800,VALUE,127.797607421875
1759821349809,VALUE,127.797607421875
1759821354805,VALUE,127.797607421875
1759821359815,VALUE,127.797607421875
1759821364803,VALUE,127.797607421875
1759821369803,VALUE,127.797607421875
1759821374797,VALUE,127.797607421875
1759821379808,VALUE,127.797607421875
1759821384800,VALUE,127.797607421875
1759821389808,VALUE,127.797607421875
1759821394801,VALUE,127.797607421875
1759821399808,VALUE,127.797607421875
1759821404799,VALUE,127.797607421875
1759821409807,VALUE,127.797607421875
1759821414796,VALUE,127.797607421875
1759821419804,VALUE,127.797607421875
1759821424799,VALUE,127.797607421875
1759821429800,VALUE,127.797607421875
1759821434797,VALUE,127.797607421875
1759821439799,VALUE,127.797607421875
1759821444800,VALUE,127.797607421875
1759821449801,VALUE,127.797607421875
1759821454799,VALUE,127.797607421875
1759821459801,VALUE,127.797607421875
1759821464799,VALUE,127.797607421875
1759821469799,VALUE,127.797607421875
1759821474799,VALUE,127.797607421875
1759821479801,VALUE,127.797607421875
1759821484799,VALUE,127.797607421875
1759821489803,VALUE,127.797607421875
1759821494804,VALUE,127.797607421875
1759821499798,VALUE,127.797607421875
1759821504796,VALUE,86.1337890625
1759821509800,VALUE,86.1337890625
1759821514804,VALUE,86.1337890625
1759821521565,VALUE,86.1337890625
1759821526507,VALUE,86.1337890625
1759821531503,VALUE,86.1337890625
1759821536502,VALUE,86.1337890625
1759821541506,VALUE,86.1337890625
1759821546503,VALUE,86.1337890625
1759821551506,VALUE,86.1337890625
1759821556496,VALUE,86.1337890625
1759821561504,VALUE,86.1337890625
1759821566495,VALUE,86.1337890625
1759822496470,VALUE,86.1337890625
1759822501461,VALUE,86.1337890625
1759822506454,VALUE,86.1337890625
1759822511441,VALUE,86.1337890625
1759822516440,VALUE,86.1337890625
1759822521432,VALUE,86.1337890625
1759822526432,VALUE,86.1337890625
1759822531441,VALUE,86.1337890625
1759822561238,VALUE,86.1337890625
1759822566240,VALUE,86.1337890625
1759822571230,VALUE,86.1337890625
1759822576234,VALUE,86.1337890625
1759822581231,VALUE,86.1337890625
1759822586226,VALUE,86.1337890625
1759822591231,VALUE,86.1337890625
1759822596223,VALUE,86.1337890625
1759822601232,VALUE,86.1337890625
1759822606228,VALUE,86.1337890625
1759822611229,VALUE,86.1337890625
1759822616232,VALUE,86.1337890625
1759822621228,VALUE,86.1337890625
1759822626224,VALUE,86.1337890625
1759822631228,VALUE,86.1337890625
1759823502998,VALUE,86.1337890625
1759823507999,VALUE,86.1337890625
1759823512996,VALUE,86.1337890625
1759823517998,VALUE,86.1337890625
1759823522991,VALUE,86.1337890625
1759823527996,VALUE,86.1337890625
1759823532996,VALUE,86.1337890625
1759823537995,VALUE,86.1337890625
1759823542994,VALUE,86.1337890625
1759823547998,VALUE,86.1337890625
1759823552991,VALUE,86.1337890625
1759823557998,VALUE,86.1337890625
1759823562995,VALUE,86.1337890625
1759823567995,VALUE,86.1337890625
1759823583922,VALUE,86.1337890625
1759823588925,VALUE,86.1337890625
1759823593923,VALUE,86.1337890625
1759823598919,VALUE,86.1337890625
1759823603917,VALUE,86.1337890625
1759823608923,VALUE,86.1337890625
1759823613922,VALUE,86.1337890625
1759823618917,VALUE,86.1337890625
1759823623923,VALUE,86.1337890625
1759823628921,VALUE,86.1337890625
1759823720632,VALUE,86.1337890625
1759823725635,VALUE,86.1337890625
1759823730628,VALUE,86.1337890625
1759823735633,VALUE,86.1337890625
1759823740632,VALUE,86.1337890625
1759823745634,VALUE,86.1337890625
1759823750627,VALUE,86.1337890625
1759823755635,VALUE,86.1337890625
1759823760634,VALUE,86.1337890625
1759823786060,VALUE,86.1337890625
1759823791059,VALUE,86.1337890625
1759823796064,VALUE,86.1337890625
1759823801062,VALUE,86.1337890625
1759823806058,VALUE,86.1337890625
1759823811063,VALUE,86.1337890625
1759823816064,VALUE,86.1337890625
1759823821062,VALUE,86.1337890625
1759823826063,VALUE,86.1337890625
1759823831056,VALUE,86.1337890625
1759823836064,VALUE,86.1337890625
1759823841065,VALUE,86.1337890625
1759823846063,VALUE,86.1337890625
1759823851062,VALUE,86.1337890625
1759823856060,VALUE,86.1337890625
1759823947365,VALUE,86.1337890625
1759823952370,VALUE,86.1337890625
1759823957365,VALUE,86.1337890625
1759823962366,VALUE,86.1337890625
1759823967362,VALUE,86.1337890625
1759823972368,VALUE,86.1337890625
1759823977364,VALUE,86.1337890625
1759823982364,VALUE,86.1337890625
1759823987365,VALUE,86.1337890625
1759823992363,VALUE,86.1337890625
1759823997358,VALUE,86.1337890625
1759824002363,VALUE,86.1337890625
1759824007363,VALUE,86.1337890625
1759824012366,VALUE,86.1337890625
1759824017361,VALUE,86.1337890625
1759824022363,VALUE,86.1337890625
1759824027363,VALUE,86.1337890625
1759824032365,VALUE,86.1337890625
1759824037358,VALUE,86.1337890625
1759824053427,VALUE,86.1337890625
1759824058426,VALUE,86.1337890625
1759824063427,VALUE,86.1337890625
1759824068424,VALUE,86.1337890625
1759824073430,VALUE,86.1337890625
1759824078425,VALUE,86.1337890625
1759824083426,VALUE,86.1337890625
1759824088424,VALUE,86.1337890625
1759824093426,VALUE,86.1337890625
1759824098421,VALUE,86.1337890625
1759824103426,VALUE,86.1337890625
1759824108419,VALUE,86.1337890625
1759824113424,VALUE,86.1337890625
1759824118428,VALUE,86.1337890625
1759824182552,VALUE,86.1337890625
1759824187548,VALUE,86.1337890625
1759824192543,VALUE,86.1337890625
1759824197545,VALUE,48.228759765625
1759824202548,VALUE,48.228759765625
1759824207545,VALUE,48.228759765625
1759824212546,VALUE,48.228759765625
1759824217545,VALUE,48.228759765625
1759824222550,VALUE,48.228759765625
1759824227543,VALUE,48.228759765625
1759824232538,VALUE,48.228759765625
1759824237544,VALUE,48.228759765625
1759824242543,VALUE,48.228759765625
1759824247548,VALUE,48.228759765625
1759824252543,VALUE,48.228759765625
1759824369946,VALUE,48.228759765625
1759824374958,VALUE,48.228759765625
1759824379944,VALUE,48.228759765625
1759824384944,VALUE,48.228759765625
1759824389941,VALUE,48.228759765625
1759824394944,VALUE,48.228759765625
1759824399941,VALUE,48.228759765625
1759824404955,VALUE,48.228759765625
1759824409943,VALUE,48.228759765625
1759824414940,VALUE,48.228759765625
1759824419942,VALUE,48.228759765625
1759824424946,VALUE,48.228759765625
1759824429940,VALUE,48.228759765625
1759824434939,VALUE,48.228759765625
1759824439941,VALUE,48.228759765625
1759824444942,VALUE,48.228759765625
1759824449937,VALUE,48.228759765625
1759824454939,VALUE,48.228759765625
1759824459943,VALUE,48.228759765625
1759824464948,VALUE,48.228759765625
1759824469935,VALUE,48.228759765625
1759824474942,VALUE,48.228759765625
1759824479938,VALUE,48.228759765625
1759824484938,VALUE,48.228759765625
1759824489938,VALUE,48.228759765625
1759824494939,VALUE,48.228759765625
1759824499939,VALUE,48.228759765625
1759824504942,VALUE,48.228759765625
1759824509935,VALUE,48.228759765625
1759824514940,VALUE,48.228759765625
1759824519939,VALUE,48.228759765625
1759824524941,VALUE,48.228759765625
1759824529939,VALUE,48.228759765625
1759824534938,VALUE,48.228759765625
1759824539936,VALUE,48.228759765625
1759824544937,VALUE,48.228759765625
1759824549939,VALUE,48.228759765625
1759824554937,VALUE,48.228759765625
1759824559938,VALUE,48.228759765625
1759824564937,VALUE,48.228759765625
1759824569937,VALUE,48.228759765625
1759824574937,VALUE,48.228759765625
1759824579935,VALUE,48.228759765625
1759824584938,VALUE,48.228759765625
1759824589936,VALUE,48.228759765625
1759824594934,VALUE,48.228759765625
1759824599936,VALUE,48.228759765625
1759824604935,VALUE,48.228759765625
1759824609936,VALUE,48.228759765625
1759824614935,VALUE,48.228759765625
1759824619934,VALUE,48.228759765625
1759824624934,VALUE,48.228759765625
1759824629934,VALUE,48.228759765625
1759824634935,VALUE,48.228759765625
1759824639932,VALUE,48.228759765625
1759824644936,VALUE,48.228759765625
1759824649935,VALUE,48.228759765625
1759824654931,VALUE,48.228759765625
1759824659932,VALUE,48.228759765625
1759824664936,VALUE,48.228759765625
1759824669938,VALUE,48.228759765625
1759824674935,VALUE,48.228759765625
1759824679934,VALUE,48.228759765625
1759824684934,VALUE,48.228759765625
1759824689930,VALUE,48.228759765625
1759824694932,VALUE,48.228759765625
1759824699929,VALUE,48.228759765625
1759824704933,VALUE,48.228759765625
1759824709933,VALUE,48.228759765625
1759824714933,VALUE,48.228759765625
1759824719930,VALUE,48.228759765625
1759824724933,VALUE,48.228759765625
1759824729930,VALUE,48.228759765625
1759824734933,VALUE,48.228759765625
1759824739774,VALUE,48.228759765625
1759824744767,VALUE,48.228759765625
1759824749766,VALUE,48.228759765625
1759824754762,VALUE,48.228759765625
1759824759758,VALUE,48.228759765625
1759824764763,VALUE,48.228759765625
1759824769760,VALUE,48.228759765625
1759824774757,VALUE,48.228759765625
1759824779755,VALUE,48.228759765625
1759824784759,VALUE,48.228759765625
1759824789759,VALUE,48.228759765625
1759824794754,VALUE,48.228759765625
1759824799745,VALUE,48.228759765625
1759824804744,VALUE,48.228759765625
1759824809736,VALUE,48.228759765625
1759824814735,VALUE,48.228759765625
1759824819730,VALUE,48.228759765625
1759825699312,VALUE,48.228759765625
1759825704307,VALUE,48.228759765625
1759825709307,VALUE,48.228759765625
1759825714301,VALUE,48.228759765625
1759825719304,VALUE,48.228759765625
1759825724297,VALUE,48.228759765625
1759825754230,VALUE,48.228759765625
1759825759237,VALUE,48.228759765625
1759825764233,VALUE,48.228759765625
1759825769236,VALUE,48.228759765625
1759825774239,VALUE,48.228759765625
1759825779231,VALUE,48.228759765625
1759825784232,VALUE,48.228759765625
1759825789235,VALUE,48.228759765625
1759825794238,VALUE,48.228759765625
1759825799235,VALUE,48.228759765625
1759826474253,VALUE,48.228759765625
1759826479248,VALUE,293.19140625
1759826484254,VALUE,293.19140625
1759826489249,VALUE,293.19140625
1759826494250,VALUE,293.19140625
1759826499246,VALUE,293.19140625
1759826504250,VALUE,293.19140625
1759826509241,VALUE,293.19140625
1759826514248,VALUE,293.19140625
1759826519248,VALUE,293.19140625
1759826524242,VALUE,293.19140625
1759826529245,VALUE,293.19140625
1759826534243,VALUE,293.19140625
1759826539240,VALUE,293.19140625
1759826544243,VALUE,293.19140625
1759827003030,VALUE,293.19140625
1759827008032,VALUE,293.19140625
1759827013031,VALUE,293.19140625
1759827018029,VALUE,293.19140625
1759827023033,VALUE,293.19140625
1759827028035,VALUE,293.19140625
1759827033037,VALUE,293.19140625
1759827038037,VALUE,293.19140625
1759827043038,VALUE,293.19140625
1759827048028,VALUE,293.19140625
1759827053030,VALUE,293.19140625
1759827058037,VALUE,293.19140625
1759827063035,VALUE,293.19140625
1759827068035,VALUE,293.19140625
1759827073035,VALUE,293.19140625
1759828003654,VALUE,293.19140625
1759828008651,VALUE,293.19140625
1759828013656,VALUE,293.19140625
1759828018651,VALUE,293.19140625
1759828023652,VALUE,293.19140625
1759828028651,VALUE,293.19140625
1759828033649,VALUE,293.19140625
1759828038651,VALUE,293.19140625
1759828043652,VALUE,293.19140625
1759828048649,VALUE,293.19140625
1759828053647,VALUE,293.19140625
1759828058649,VALUE,293.19140625
1759828063653,VALUE,293.19140625
1759828068648,VALUE,293.19140625
1759828959601,VALUE,293.19140625
1759828964535,VALUE,293.19140625
1759828969532,VALUE,293.19140625
1759828974531,VALUE,293.19140625
1759828979533,VALUE,293.19140625
1759828984527,VALUE,293.19140625
1759828989524,VALUE,293.19140625
1759829019470,VALUE,293.19140625
1759829024518,VALUE,293.19140625
1759829029478,VALUE,293.19140625
1759829034475,VALUE,293.19140625
1759829039478,VALUE,293.19140625
1759829044467,VALUE,293.19140625
1759829049478,VALUE,293.19140625
1759829054474,VALUE,293.19140625
1759829059473,VALUE,293.19140625
1759829064477,VALUE,293.19140625
1759829069474,VALUE,293.19140625
1759829074474,VALUE,293.19140625
1759829079466,VALUE,293.19140625
1759829084472,VALUE,293.19140625
1759830015112,VALUE,293.19140625
1759830020114,VALUE,293.19140625
1759830025111,VALUE,293.19140625
1759830030108,VALUE,293.19140625
1759830035107,VALUE,293.19140625
1759830040099,VALUE,293.19140625
1759830045103,VALUE,293.19140625
1759830050098,VALUE,293.19140625
1759830055098,VALUE,293.19140625
1759830060101,VALUE,293.19140625
1759830990138,VALUE,293.19140625
1759830995134,VALUE,293.19140625
1759831000131,VALUE,293.19140625
1759831005127,VALUE,293.19140625
1759831010128,VALUE,293.19140625
1759831015126,VALUE,293.19140625
1759831020123,VALUE,293.19140625
1759831025125,VALUE,293.19140625
1759831030120,VALUE,293.19140625
1759831035118,VALUE,293.19140625
1759831040120,VALUE,293.19140625
1759831045123,VALUE,293.19140625
1759831050119,VALUE,293.19140625
1759831055116,VALUE,293.19140625
1759831960771,VALUE,293.19140625
1759831965779,VALUE,293.19140625
1759831970774,VALUE,293.19140625
1759831975782,VALUE,293.19140625
1759831980782,VALUE,293.19140625
1759831985786,VALUE,293.19140625
1759832015698,VALUE,293.19140625
1759832020698,VALUE,293.19140625
1759832025689,VALUE,293.19140625
1759832030698,VALUE,293.19140625
1759832035698,VALUE,293.19140625
1759832040690,VALUE,293.19140625
1759832045699,VALUE,293.19140625
1759832050698,VALUE,293.19140625
1759832055691,VALUE,293.19140625
1759832060690,VALUE,293.19140625
1759832065698,VALUE,293.19140625
1759832070693,VALUE,293.19140625
1759832075698,VALUE,293.19140625
1759832080689,VALUE,293.19140625
1759832085694,VALUE,293.19140625
1759832968714,VALUE,293.19140625
1759832973714,VALUE,293.19140625
1759832978705,VALUE,293.19140625
1759832983708,VALUE,293.19140625
1759832988706,VALUE,293.19140625
1759832993702,VALUE,293.19140625
1759833023495,VALUE,293.19140625
1759833028491,VALUE,293.19140625
1759833033493,VALUE,293.19140625
1759833038493,VALUE,293.19140625
1759833043490,VALUE,293.19140625
1759833048492,VALUE,266.75830078125
1759833053489,VALUE,266.75830078125
1759833058488,VALUE,266.75830078125
1759833063481,VALUE,266.75830078125
1759833068481,VALUE,266.75830078125
1759833073487,VALUE,266.75830078125
1759833078487,VALUE,266.75830078125
1759833083487,VALUE,266.75830078125
1759833088481,VALUE,266.75830078125
1759833093488,VALUE,266.75830078125
1759834023500,VALUE,266.75830078125
1759834028496,VALUE,266.75830078125
1759834033500,VALUE,266.75830078125
1759834038490,VALUE,266.75830078125
1759834043488,VALUE,266.75830078125
1759834048495,VALUE,266.75830078125
1759834053488,VALUE,266.75830078125
1759834058497,VALUE,266.75830078125
1759834063487,VALUE,266.75830078125
1759834994335,VALUE,266.75830078125
1759834999503,VALUE,266.75830078125
1759835004504,VALUE,266.75830078125
1759835009499,VALUE,266.75830078125
1759835014503,VALUE,266.75830078125
1759835019496,VALUE,266.75830078125
1759835024496,VALUE,266.75830078125
1759835029500,VALUE,266.75830078125
1759835034503,VALUE,266.75830078125
1759835039494,VALUE,266.75830078125
1759835653505,VALUE,266.75830078125
1759835658499,VALUE,266.75830078125
1759835663498,VALUE,266.75830078125
1759835668497,VALUE,266.75830078125
1759835673503,VALUE,266.75830078125
1759835678502,VALUE,266.75830078125
1759835683504,VALUE,266.75830078125
1759835688503,VALUE,266.75830078125
1759835693504,VALUE,266.75830078125
1759835799530,VALUE,266.75830078125
1759835804531,VALUE,266.75830078125
1759835809525,VALUE,266.75830078125
1759835814532,VALUE,266.75830078125
1759835819529,VALUE,266.75830078125
1759835824529,VALUE,266.75830078125
1759835829528,VALUE,266.75830078125
1759835834528,VALUE,266.75830078125
1759835839529,VALUE,266.75830078125
1759835844524,VALUE,266.75830078125
1759835849532,VALUE,266.75830078125
1759835854526,VALUE,266.75830078125
1759835859532,VALUE,266.75830078125
1759835864528,VALUE,266.75830078125
1759835869532,VALUE,266.75830078125
1759836761968,VALUE,266.75830078125
1759836766957,VALUE,266.75830078125
1759836771947,VALUE,266.75830078125
1759836776944,VALUE,266.75830078125
1759836781935,VALUE,266.75830078125
1759836786932,VALUE,266.75830078125
1759836816853,VALUE,266.75830078125
1759836821852,VALUE,266.75830078125
1759836826849,VALUE,266.75830078125
1759836831853,VALUE,266.75830078125
1759836836852,VALUE,266.75830078125
1759836841852,VALUE,266.75830078125
1759836846842,VALUE,266.75830078125
1759836851851,VALUE,266.75830078125
1759836856848,VALUE,266.75830078125
1759836861846,VALUE,266.75830078125
1759836866843,VALUE,266.75830078125
1759836871847,VALUE,266.75830078125
1759836876849,VALUE,266.75830078125
1759836881847,VALUE,266.75830078125
1759836886846,VALUE,266.75830078125
1759837107669,VALUE,266.75830078125
1759837112660,VALUE,266.75830078125
1759837117660,VALUE,266.75830078125
1759837122663,VALUE,266.75830078125
1759837127663,VALUE,266.75830078125
1759837132667,VALUE,266.75830078125
1759837137666,VALUE,266.75830078125
1759837142665,VALUE,266.75830078125
1759837147664,VALUE,266.75830078125
1759837152664,VALUE,266.75830078125
1759837157664,VALUE,266.75830078125
1759837162664,VALUE,266.75830078125
1759837167663,VALUE,266.75830078125
1759837172664,VALUE,266.75830078125
1759837316142,VALUE,266.75830078125
1759837320974,VALUE,266.75830078125
1759837325967,VALUE,266.75830078125
1759837330962,VALUE,266.75830078125
1759837335963,VALUE,266.75830078125
1759837340968,VALUE,266.75830078125
1759837345968,VALUE,266.75830078125
1759837350966,VALUE,266.75830078125
1759837355971,VALUE,266.75830078125
1759837360967,VALUE,266.75830078125
1759837365965,VALUE,266.75830078125
1759837370972,VALUE,266.75830078125
1759837375968,VALUE,266.75830078125
1759837438976,VALUE,266.75830078125
1759837443918,VALUE,266.75830078125
1759837448918,VALUE,266.75830078125
1759837453915,VALUE,266.75830078125
1759837458917,VALUE,266.75830078125
1759837463913,VALUE,266.75830078125
1759837468917,VALUE,266.75830078125
1759837473913,VALUE,266.75830078125
1759837478917,VALUE,266.75830078125
1759837483916,VALUE,266.75830078125
1759837594602,VALUE,266.75830078125
1759837599592,VALUE,266.75830078125
1759837604598,VALUE,266.75830078125
1759837609594,VALUE,266.75830078125
1759837614597,VALUE,266.75830078125
1759837619596,VALUE,266.75830078125
1759837624600,VALUE,266.75830078125
1759837629601,VALUE,266.75830078125
1759837634596,VALUE,266.75830078125
1759837735761,VALUE,36.948486328125
1759837740763,VALUE,36.948486328125
1759837745607,VALUE,36.948486328125
1759837750604,VALUE,36.948486328125
1759837755605,VALUE,36.948486328125
1759837760601,VALUE,36.948486328125
1759837765607,VALUE,36.948486328125
1759837770604,VALUE,36.948486328125
1759837775603,VALUE,36.948486328125
1759837780602,VALUE,36.948486328125
1759838091087,VALUE,36.948486328125
1759838096089,VALUE,36.948486328125
1759838101091,VALUE,36.948486328125
1759838106094,VALUE,36.948486328125
1759838111094,VALUE,36.948486328125
1759838116093,VALUE,36.948486328125
1759838121091,VALUE,36.948486328125
1759838126089,VALUE,36.948486328125
1759838131084,VALUE,36.948486328125
1759838136085,VALUE,36.948486328125
1759838141092,VALUE,36.948486328125
1759838146082,VALUE,36.948486328125
1759838151084,VALUE,36.948486328125
1759838156084,VALUE,36.948486328125
1759838161090,VALUE,36.948486328125
1759838186089,VALUE,36.948486328125
1759838191090,VALUE,36.948486328125
1759838196080,VALUE,36.948486328125
1759838201088,VALUE,36.948486328125
1759838206089,VALUE,36.948486328125
1759838211087,VALUE,36.948486328125
1759838216094,VALUE,36.948486328125
1759838221081,VALUE,36.948486328125
1759838226084,VALUE,36.948486328125
1759838231083,VALUE,36.948486328125
1759838236080,VALUE,36.948486328125
1759838241080,VALUE,36.948486328125
1759838246079,VALUE,36.948486328125
1759838251084,VALUE,36.948486328125
1759838256083,VALUE,36.948486328125
1759838261087,VALUE,36.948486328125
1759838266083,VALUE,36.948486328125
1759838271077,VALUE,36.948486328125
1759838276080,VALUE,36.948486328125
1759838281083,VALUE,36.948486328125
1759838286086,VALUE,36.948486328125
1759838291075,VALUE,36.948486328125
1759838296081,VALUE,36.948486328125
1759838301080,VALUE,36.948486328125
1759838306081,VALUE,36.948486328125
1759838344063,VALUE,36.948486328125
1759838349068,VALUE,36.948486328125
1759838354066,VALUE,36.948486328125
1759838359065,VALUE,36.948486328125
1759838364062,VALUE,36.948486328125
1759838369064,VALUE,36.948486328125
1759838374064,VALUE,36.948486328125
1759838379066,VALUE,36.948486328125
1759838384064,VALUE,36.948486328125
1759838389066,VALUE,36.948486328125
1759838394073,VALUE,36.948486328125
1759838399059,VALUE,36.948486328125
1759838404058,VALUE,36.948486328125
1759838409057,VALUE,36.948486328125
1759838414057,VALUE,36.948486328125
1759838419057,VALUE,36.948486328125
1759838424054,VALUE,36.948486328125
1759838429057,VALUE,36.948486328125
1759838434056,VALUE,36.948486328125
1759838439056,VALUE,36.948486328125
1759838444053,VALUE,36.948486328125
1759838449052,VALUE,36.948486328125
1759838454055,VALUE,36.948486328125
1759838459055,VALUE,36.948486328125
1759838464051,VALUE,36.948486328125
1759838469054,VALUE,36.948486328125
1759838474054,VALUE,36.948486328125
1759838479052,VALUE,36.948486328125
1759838484053,VALUE,36.948486328125
1759838489053,VALUE,36.948486328125
1759838494055,VALUE,36.948486328125
1759838499053,VALUE,36.948486328125
1759838504052,VALUE,36.948486328125
1759838509050,VALUE,36.948486328125
1759838514052,VALUE,36.948486328125
1759838519050,VALUE,36.948486328125
1759838524052,VALUE,36.948486328125
1759838529050,VALUE,36.948486328125
1759838534050,VALUE,36.948486328125
1759838539051,VALUE,36.948486328125
1759838544051,VALUE,36.948486328125
1759838549053,VALUE,36.948486328125
1759838554049,VALUE,36.948486328125
1759838559046,VALUE,36.948486328125
1759838564048,VALUE,36.948486328125
1759838569051,VALUE,36.948486328125
1759838574045,VALUE,36.948486328125
1759838579050,VALUE,36.948486328125
1759838584049,VALUE,36.948486328125
1759838589049,VALUE,36.948486328125
1759838594049,VALUE,36.948486328125
1759838599043,VALUE,36.948486328125
1759838604049,VALUE,36.948486328125
1759838609045,VALUE,36.948486328125
1759838614049,VALUE,36.948486328125
1759838619045,VALUE,36.948486328125
1759838624043,VALUE,36.948486328125
1759838629049,VALUE,36.948486328125
1759838634043,VALUE,36.948486328125
1759838639040,VALUE,36.948486328125
1759838644041,VALUE,36.948486328125
1759838649049,VALUE,36.948486328125
1759838654041,VALUE,36.948486328125
1759838659043,VALUE,36.948486328125
1759838664044,VALUE,36.948486328125
1759838669041,VALUE,36.948486328125
1759838674042,VALUE,36.948486328125
1759838679042,VALUE,36.948486328125
1759838684042,VALUE,36.948486328125
1759838689046,VALUE,36.948486328125
1759838694043,VALUE,212.699462890625
1759838699039,VALUE,212.699462890625
1759838704079,VALUE,212.699462890625
1759838709040,VALUE,212.699462890625
1759838714037,VALUE,212.699462890625
1759838719048,VALUE,212.699462890625
1759838724039,VALUE,212.699462890625
1759838729036,VALUE,212.699462890625
1759838734038,VALUE,212.699462890625
1759838739038,VALUE,212.699462890625
1759838744038,VALUE,212.699462890625
1759838749039,VALUE,212.699462890625
1759838754039,VALUE,212.699462890625
1759838759042,VALUE,212.699462890625
1759838764046,VALUE,212.699462890625
1759838769051,VALUE,212.699462890625
1759838774055,VALUE,212.699462890625
1759838779061,VALUE,212.699462890625
1759838784057,VALUE,212.699462890625
1759838789061,VALUE,212.699462890625
1759838794063,VALUE,212.699462890625
1759838799064,VALUE,212.699462890625
1759838804061,VALUE,212.699462890625
1759838809063,VALUE,212.699462890625
1759838814063,VALUE,212.699462890625
1759838819063,VALUE,212.699462890625
1759838824061,VALUE,212.699462890625
1759838829059,VALUE,212.699462890625
1759838834064,VALUE,212.699462890625
1759838839064,VALUE,212.699462890625
1759838844064,VALUE,212.699462890625
1759838849061,VALUE,212.699462890625
1759838854064,VALUE,212.699462890625
1759838859059,VALUE,212.699462890625
1759838864060,VALUE,212.699462890625
1759838869058,VALUE,212.699462890625
1759838874063,VALUE,212.699462890625
1759838879057,VALUE,212.699462890625
1759838884062,VALUE,212.699462890625
1759838889061,VALUE,212.699462890625
1759838894061,VALUE,212.699462890625
1759838899061,VALUE,212.699462890625
1759838904057,VALUE,212.699462890625
1759838909059,VALUE,212.699462890625
1759838914060,VALUE,212.699462890625
1759838919064,VALUE,212.699462890625
1759838924057,VALUE,212.699462890625
1759838929060,VALUE,212.699462890625
1759838934058,VALUE,212.699462890625
1759838939061,VALUE,212.699462890625
1759838944056,VALUE,212.699462890625
1759838949056,VALUE,212.699462890625
1759838954057,VALUE,212.699462890625
1759838959057,VALUE,212.699462890625
1759838964058,VALUE,212.699462890625
1759838969057,VALUE,212.699462890625
1759838974056,VALUE,212.699462890625
1759838979057,VALUE,212.699462890625
1759838984058,VALUE,212.699462890625
1759838989055,VALUE,212.699462890625
1759838994056,VALUE,212.699462890625
1759838999059,VALUE,212.699462890625
1759839004053,VALUE,212.699462890625
1759839009054,VALUE,212.699462890625
1759839014054,VALUE,212.699462890625
1759839019055,VALUE,212.699462890625
1759839024055,VALUE,212.699462890625
1759839029051,VALUE,212.699462890625
1759839034053,VALUE,212.699462890625
1759839039053,VALUE,212.699462890625
1759839044052,VALUE,212.699462890625
1759839049057,VALUE,212.699462890625
1759839054052,VALUE,212.699462890625
1759839059056,VALUE,212.699462890625
1759839064052,VALUE,212.699462890625
1759839069052,VALUE,212.699462890625
1759839074052,VALUE,212.699462890625
1759839079052,VALUE,212.699462890625
1759839084053,VALUE,212.699462890625
1759839089051,VALUE,212.699462890625
1759839094051,VALUE,212.699462890625
1759839099053,VALUE,212.699462890625
1759839104051,VALUE,212.699462890625
1759839109056,VALUE,212.699462890625
1759839114051,VALUE,212.699462890625
1759839119053,VALUE,212.699462890625
1759839124050,VALUE,212.699462890625
1759839129058,VALUE,212.699462890625
1759839134050,VALUE,212.699462890625
1759839139047,VALUE,212.699462890625
1759839144046,VALUE,212.699462890625
1759839149051,VALUE,212.699462890625
1759839154050,VALUE,212.699462890625
1759839159050,VALUE,212.699462890625
1759839164046,VALUE,212.699462890625
1759839169046,VALUE,212.699462890625
1759839174045,VALUE,212.699462890625
1759839179047,VALUE,212.699462890625
1759839184048,VALUE,212.699462890625
1759839189047,VALUE,212.699462890625
1759839194047,VALUE,212.699462890625
1759839199045,VALUE,212.699462890625
1759839204048,VALUE,212.699462890625
1759839209048,VALUE,212.699462890625
1759839214047,VALUE,212.699462890625
1759839219042,VALUE,212.699462890625
1759839224042,VALUE,212.699462890625
1759839229047,VALUE,212.699462890625
1759839234046,VALUE,212.699462890625
1759839239041,VALUE,212.699462890625
1759839244042,VALUE,212.699462890625
1759839249044,VALUE,212.699462890625
1759839254045,VALUE,212.699462890625
1759839259040,VALUE,212.699462890625
1759839264045,VALUE,212.699462890625
1759839269043,VALUE,212.699462890625
1759839274044,VALUE,212.699462890625
1759839279044,VALUE,212.699462890625
1759839284042,VALUE,212.699462890625
1759839289045,VALUE,212.699462890625
1759839294040,VALUE,161.166259765625
1759839299043,VALUE,161.166259765625
1759839304043,VALUE,161.166259765625
1759839309040,VALUE,161.166259765625
1759839314042,VALUE,161.166259765625
1759839319042,VALUE,161.166259765625
1759839324037,VALUE,161.166259765625
1759839329041,VALUE,161.166259765625
1759839334040,VALUE,161.166259765625
1759839339038,VALUE,161.166259765625
1759839344036,VALUE,161.166259765625
1759839349039,VALUE,161.166259765625
1759839354036,VALUE,161.166259765625
1759839359036,VALUE,161.166259765625
1759839364039,VALUE,161.166259765625
1759839369039,VALUE,161.166259765625
1759839374038,VALUE,161.166259765625
1759839379036,VALUE,161.166259765625
1759839384036,VALUE,161.166259765625
1759839389040,VALUE,161.166259765625
1759839394037,VALUE,161.166259765625
1759839399036,VALUE,161.166259765625
1759839404033,VALUE,161.166259765625
1759839409038,VALUE,161.166259765625
1759839414037,VALUE,161.166259765625
1759839419037,VALUE,161.166259765625
1759839424038,VALUE,161.166259765625
1759839429037,VALUE,161.166259765625
1759839434038,VALUE,161.166259765625
1759839439038,VALUE,161.166259765625
1759839444035,VALUE,161.166259765625
1759839449037,VALUE,161.166259765625
1759839454035,VALUE,161.166259765625
1759839459031,VALUE,161.166259765625
1759839464035,VALUE,161.166259765625
1759839469032,VALUE,161.166259765625
1759839474034,VALUE,161.166259765625
1759839479030,VALUE,161.166259765625
1759839484035,VALUE,161.166259765625
1759839489029,VALUE,161.166259765625
1759839494035,VALUE,161.166259765625
1759839499037,VALUE,161.166259765625
1759839504028,VALUE,161.166259765625
1759839509032,VALUE,161.166259765625
1759839514028,VALUE,161.166259765625
1759839519032,VALUE,161.166259765625
1759839524033,VALUE,161.166259765625
1759839529031,VALUE,161.166259765625
1759839534028,VALUE,161.166259765625
1759839539027,VALUE,161.166259765625
1759839544029,VALUE,161.166259765625
1759839549032,VALUE,161.166259765625
1759839554031,VALUE,161.166259765625
1759839559036,VALUE,161.166259765625
1759839564028,VALUE,161.166259765625
1759839569032,VALUE,161.166259765625
1759839574029,VALUE,161.166259765625
1759839579031,VALUE,161.166259765625
1759839584028,VALUE,161.166259765625
1759839589026,VALUE,161.166259765625
1759839594027,VALUE,161.166259765625
1759839599027,VALUE,161.166259765625
1759839604028,VALUE,161.166259765625
1759839609028,VALUE,161.166259765625
1759839614025,VALUE,161.166259765625
1759839619029,VALUE,161.166259765625
1759839624027,VALUE,161.166259765625
1759839629028,VALUE,161.166259765625
1759839634026,VALUE,161.166259765625
1759839639023,VALUE,161.166259765625
1759839644025,VALUE,161.166259765625
1759839649024,VALUE,161.166259765625
1759839654027,VALUE,161.166259765625
1759839659025,VALUE,161.166259765625
1759839664024,VALUE,161.166259765625
1759839669025,VALUE,161.166259765625
1759839674023,VALUE,161.166259765625
1759839679021,VALUE,161.166259765625
1759839684026,VALUE,161.166259765625
1759839689024,VALUE,161.166259765625
1759839694024,VALUE,161.166259765625
1759839699021,VALUE,161.166259765625
1759839704029,VALUE,161.166259765625
1759839709027,VALUE,161.166259765625
1759839714024,VALUE,161.166259765625
1759839718972,VALUE,161.166259765625
1759839723967,VALUE,161.166259765625
1759839728965,VALUE,161.166259765625
1759839733964,VALUE,161.166259765625
1759839738964,VALUE,161.166259765625
1759839743969,VALUE,161.166259765625
1759839748966,VALUE,161.166259765625
1759839753967,VALUE,161.166259765625
1759839758966,VALUE,161.166259765625
1759839763963,VALUE,161.166259765625
1759839768966,VALUE,161.166259765625
1759839773965,VALUE,161.166259765625
1759839778962,VALUE,161.166259765625
1759839783962,VALUE,161.166259765625
1759839788966,VALUE,161.166259765625
1759839793961,VALUE,161.166259765625
1759839798962,VALUE,161.166259765625
1759839803963,VALUE,161.166259765625
1759839808960,VALUE,161.166259765625
1759839813959,VALUE,161.166259765625
1759839818957,VALUE,161.166259765625
1759839823961,VALUE,161.166259765625
1759839828957,VALUE,161.166259765625
1759839833962,VALUE,161.166259765625
1759839838960,VALUE,161.166259765625
1759839843960,VALUE,161.166259765625
1759839848959,VALUE,161.166259765625
1759839853955,VALUE,161.166259765625
1759839858956,VALUE,161.166259765625
1759839863957,VALUE,161.166259765625
1759839868959,VALUE,161.166259765625
1759839873957,VALUE,161.166259765625
1759839878954,VALUE,161.166259765625
1759839883959,VALUE,161.166259765625
1759839888958,VALUE,161.166259765625
1759839893959,VALUE,161.166259765625
1759839898953,VALUE,161.166259765625
1759839903956,VALUE,161.166259765625
1759839908957,VALUE,161.166259765625
1759839913953,VALUE,161.166259765625
1759839918954,VALUE,161.166259765625
1759839923955,VALUE,161.166259765625
1759839928955,VALUE,161.166259765625
1759839933952,VALUE,161.166259765625
1759839938953,VALUE,161.166259765625
1759839943953,VALUE,161.166259765625
1759839948951,VALUE,161.166259765625
1759839953955,VALUE,161.166259765625
1759839958949,VALUE,161.166259765625
1759839963952,VALUE,161.166259765625
1759839968948,VALUE,161.166259765625
1759839973950,VALUE,161.166259765625
1759839978954,VALUE,161.166259765625
1759839983953,VALUE,161.166259765625
1759839988949,VALUE,161.166259765625
1759839993952,VALUE,161.166259765625
1759839998951,VALUE,161.166259765625
1759840003950,VALUE,161.166259765625
1759840008950,VALUE,161.166259765625
1759840013950,VALUE,161.166259765625
1759840018949,VALUE,161.166259765625
1759840023949,VALUE,161.166259765625
1759840028947,VALUE,161.166259765625
1759840033945,VALUE,161.166259765625
1759840038949,VALUE,161.166259765625
1759840043947,VALUE,161.166259765625
1759840048948,VALUE,161.166259765625
1759840053942,VALUE,161.166259765625
1759840058948,VALUE,161.166259765625
1759840063942,VALUE,161.166259765625
1759840068951,VALUE,161.166259765625
1759840073944,VALUE,161.166259765625
1759840078944,VALUE,161.166259765625
1759840083946,VALUE,161.166259765625
1759840088944,VALUE,161.166259765625
1759840093942,VALUE,161.166259765625
1759840098949,VALUE,161.166259765625
1759840103941,VALUE,161.166259765625
1759840108944,VALUE,161.166259765625
1759840113942,VALUE,161.166259765625
1759840118940,VALUE,161.166259765625
1759840123953,VALUE,161.166259765625
1759840128941,VALUE,161.166259765625
1759840133940,VALUE,161.166259765625
1759840138947,VALUE,161.166259765625
1759840143942,VALUE,161.166259765625
1759840148942,VALUE,161.166259765625
1759840153940,VALUE,161.166259765625
1759840158937,VALUE,161.166259765625
1759840163941,VALUE,161.166259765625
1759840168938,VALUE,161.166259765625
1759840173938,VALUE,161.166259765625
1759840178947,VALUE,161.166259765625
1759840183940,VALUE,161.166259765625
1759840188940,VALUE,161.166259765625
1759840193938,VALUE,161.166259765625
1759840198941,VALUE,161.166259765625
1759840203936,VALUE,161.166259765625
1759840208938,VALUE,161.166259765625
1759840213936,VALUE,161.166259765625
1759840218940,VALUE,161.166259765625
1759840223932,VALUE,161.166259765625
1759840228939,VALUE,161.166259765625
1759840233937,VALUE,161.166259765625
1759840238934,VALUE,161.166259765625
1759840243937,VALUE,161.166259765625
1759840248937,VALUE,161.166259765625
1759840253934,VALUE,161.166259765625
1759840258934,VALUE,161.166259765625
1759840263935,VALUE,161.166259765625
1759840268932,VALUE,161.166259765625
1759840273932,VALUE,161.166259765625
1759840278935,VALUE,161.166259765625
1759840283934,VALUE,161.166259765625
1759840288932,VALUE,161.166259765625
1759840293934,VALUE,161.166259765625
1759840298929,VALUE,161.166259765625
1759840303929,VALUE,161.166259765625
1759840308931,VALUE,161.166259765625
1759840313930,VALUE,161.166259765625
1759840318932,VALUE,161.166259765625
1759840323945,VALUE,161.166259765625
1759840328932,VALUE,161.166259765625
1759840333930,VALUE,161.166259765625
1759840338930,VALUE,161.166259765625
1759840343930,VALUE,161.166259765625
1759840348931,VALUE,161.166259765625
1759840353926,VALUE,161.166259765625
1759840358928,VALUE,161.166259765625
1759840363930,VALUE,161.166259765625
1759840368933,VALUE,161.166259765625
1759840373928,VALUE,161.166259765625
1759840378944,VALUE,161.166259765625
1759840383928,VALUE,161.166259765625
1759840388923,VALUE,161.166259765625
1759840393924,VALUE,161.166259765625
1759840398923,VALUE,161.166259765625
1759840403924,VALUE,161.166259765625
1759840408927,VALUE,161.166259765625
1759840413924,VALUE,161.166259765625
1759840418929,VALUE,161.166259765625
1759840423921,VALUE,161.166259765625
1759840428926,VALUE,161.166259765625
1759840433922,VALUE,161.166259765625
1759840438925,VALUE,161.166259765625
1759840443921,VALUE,161.166259765625
1759840448921,VALUE,161.166259765625
1759840453920,VALUE,161.166259765625
1759840458924,VALUE,161.166259765625
1759840463922,VALUE,161.166259765625
1759840468921,VALUE,161.166259765625
1759840473922,VALUE,161.166259765625
1759840478919,VALUE,161.166259765625
1759840483920,VALUE,161.166259765625
1759840488919,VALUE,161.166259765625
1759840493921,VALUE,244.117431640625
1759840498923,VALUE,244.117431640625
1759840503926,VALUE,244.117431640625
1759840508922,VALUE,244.117431640625
1759840513919,VALUE,244.117431640625
1759840518920,VALUE,244.117431640625
1759840523919,VALUE,244.117431640625
1759840528916,VALUE,244.117431640625
1759840533920,VALUE,244.117431640625
1759840538926,VALUE,244.117431640625
1759840543921,VALUE,244.117431640625
1759840548913,VALUE,244.117431640625
1759840553918,VALUE,244.117431640625
1759840558914,VALUE,244.117431640625
1759840563915,VALUE,244.117431640625
1759840568916,VALUE,244.117431640625
1759840573916,VALUE,244.117431640625
1759840578917,VALUE,244.117431640625
1759840583913,VALUE,244.117431640625
1759840588916,VALUE,244.117431640625
1759840593915,VALUE,244.117431640625
1759840598915,VALUE,244.117431640625
1759840603914,VALUE,244.117431640625
1759840608912,VALUE,244.117431640625
1759840613910,VALUE,244.117431640625
1759840618915,VALUE,244.117431640625
1759840623910,VALUE,244.117431640625
1759840628913,VALUE,244.117431640625
1759840633909,VALUE,244.117431640625
1759840638910,VALUE,244.117431640625
1759840643913,VALUE,244.117431640625
1759840648917,VALUE,244.117431640625
1759840653912,VALUE,244.117431640625
1759840658910,VALUE,244.117431640625
1759840663911,VALUE,244.117431640625
1759840668910,VALUE,244.117431640625
1759840673909,VALUE,244.117431640625
1759840678790,VALUE,244.117431640625
1759840683792,VALUE,244.117431640625
1759840688791,VALUE,244.117431640625
1759840693791,VALUE,244.117431640625
1759840698787,VALUE,244.117431640625
1759840703787,VALUE,244.117431640625
1759840708793,VALUE,244.117431640625
1759840713790,VALUE,244.117431640625
1759840718788,VALUE,244.117431640625
1759840723788,VALUE,244.117431640625
1759840728785,VALUE,244.117431640625
1759840733788,VALUE,244.117431640625
1759840738788,VALUE,244.117431640625
1759840743789,VALUE,244.117431640625
1759840748785,VALUE,244.117431640625
1759840753788,VALUE,244.117431640625
1759840758783,VALUE,244.117431640625
1759840763784,VALUE,244.117431640625
1759840768787,VALUE,244.117431640625
1759840773785,VALUE,244.117431640625
1759840778783,VALUE,244.117431640625
1759840783782,VALUE,244.117431640625
1759840788782,VALUE,244.117431640625
1759840793785,VALUE,244.117431640625
1759840798786,VALUE,244.117431640625
1759840803782,VALUE,244.117431640625
1759840808781,VALUE,244.117431640625
1759840813783,VALUE,244.117431640625
1759840818790,VALUE,244.117431640625
1759840823786,VALUE,244.117431640625
1759840828782,VALUE,244.117431640625
1759840833791,VALUE,244.117431640625
1759840838780,VALUE,244.117431640625
1759840843779,VALUE,244.117431640625
1759840848781,VALUE,244.117431640625
1759840853782,VALUE,244.117431640625
1759840858781,VALUE,244.117431640625
1759840863787,VALUE,244.117431640625
1759840868780,VALUE,244.117431640625
1759840873781,VALUE,244.117431640625
1759840878779,VALUE,244.117431640625
1759840883781,VALUE,244.117431640625
1759840888784,VALUE,244.117431640625
1759840893776,VALUE,244.117431640625
1759840898782,VALUE,244.117431640625
1759840903778,VALUE,244.117431640625
1759840908777,VALUE,244.117431640625
1759840913776,VALUE,244.117431640625
1759840918776,VALUE,244.117431640625
1759840923774,VALUE,244.117431640625
1759840928775,VALUE,244.117431640625
1759840933775,VALUE,244.117431640625
1759840938773,VALUE,244.117431640625
1759840943776,VALUE,244.117431640625
1759840948776,VALUE,244.117431640625
1759840953773,VALUE,244.117431640625
1759840958780,VALUE,244.117431640625
1759840963777,VALUE,244.117431640625
1759840968774,VALUE,244.117431640625
1759840973775,VALUE,244.117431640625
1759840978782,VALUE,244.117431640625
1759840983773,VALUE,244.117431640625
1759840988773,VALUE,244.117431640625
1759840993769,VALUE,244.117431640625
1759840998779,VALUE,244.117431640625
1759841003773,VALUE,244.117431640625
1759841008773,VALUE,244.117431640625
1759841013771,VALUE,244.117431640625
1759841018774,VALUE,244.117431640625
1759841023770,VALUE,244.117431640625
1759841028766,VALUE,244.117431640625
1759841033770,VALUE,244.117431640625
1759841038775,VALUE,244.117431640625
1759841043768,VALUE,244.117431640625
1759841048766,VALUE,244.117431640625
1759841053769,VALUE,244.117431640625
1759841058766,VALUE,244.117431640625
1759841063770,VALUE,244.117431640625
1759841068767,VALUE,244.117431640625
1759841073769,VALUE,244.117431640625
1759841078768,VALUE,244.117431640625
1759841083766,VALUE,244.117431640625
1759841088772,VALUE,244.117431640625
1759841093764,VALUE,298.92236328125
1759841098767,VALUE,298.92236328125
1759841103768,VALUE,298.92236328125
1759841108762,VALUE,298.92236328125
1759841113769,VALUE,298.92236328125
1759841118766,VALUE,298.92236328125
1759841123763,VALUE,298.92236328125
1759841128767,VALUE,298.92236328125
1759841133762,VALUE,298.92236328125
1759841138767,VALUE,298.92236328125
1759841143763,VALUE,298.92236328125
1759841148761,VALUE,298.92236328125
1759841153763,VALUE,298.92236328125
1759841158769,VALUE,298.92236328125
1759841163759,VALUE,298.92236328125
1759841168763,VALUE,298.92236328125
1759841173761,VALUE,298.92236328125
1759841178759,VALUE,298.92236328125
1759841183762,VALUE,298.92236328125
1759841188761,VALUE,298.92236328125
1759841193762,VALUE,298.92236328125
1759841198765,VALUE,298.92236328125
1759841203761,VALUE,298.92236328125
1759841208771,VALUE,298.92236328125
1759841213760,VALUE,298.92236328125
1759841218762,VALUE,298.92236328125
1759841223755,VALUE,298.92236328125
1759841228763,VALUE,298.92236328125
1759841233759,VALUE,298.92236328125
1759841238761,VALUE,298.92236328125
1759841243755,VALUE,298.92236328125
1759841248757,VALUE,298.92236328125
1759841253756,VALUE,298.92236328125
1759841258755,VALUE,298.92236328125
1759841263757,VALUE,298.92236328125
1759841268756,VALUE,298.92236328125
1759841273757,VALUE,298.92236328125
1759841278757,VALUE,298.92236328125
1759841283755,VALUE,298.92236328125
1759841288755,VALUE,298.92236328125
1759841293756,VALUE,298.92236328125
1759841298750,VALUE,298.92236328125
1759841303755,VALUE,298.92236328125
1759841308755,VALUE,298.92236328125
1759841313753,VALUE,298.92236328125
1759841318751,VALUE,298.92236328125
1759841323751,VALUE,298.92236328125
1759841328753,VALUE,298.92236328125
1759841333752,VALUE,298.92236328125
1759841338750,VALUE,298.92236328125
1759841343753,VALUE,298.92236328125
1759841348751,VALUE,298.92236328125
1759841353752,VALUE,298.92236328125
1759841358748,VALUE,298.92236328125
1759841363750,VALUE,298.92236328125
1759841368750,VALUE,298.92236328125
1759841373748,VALUE,298.92236328125
1759841378748,VALUE,298.92236328125
1759841383750,VALUE,298.92236328125
1759841388752,VALUE,298.92236328125
1759841393749,VALUE,298.92236328125
1759841398751,VALUE,298.92236328125
1759841403745,VALUE,298.92236328125
1759841408751,VALUE,298.92236328125
1759841413744,VALUE,298.92236328125
1759841418749,VALUE,298.92236328125
1759841423744,VALUE,298.92236328125
1759841428748,VALUE,298.92236328125
1759841433745,VALUE,298.92236328125
1759841438753,VALUE,298.92236328125
1759841443752,VALUE,298.92236328125
1759841448746,VALUE,298.92236328125
1759841453741,VALUE,298.92236328125
1759841458746,VALUE,298.92236328125
1759841463741,VALUE,298.92236328125
1759841468742,VALUE,298.92236328125
1759841473742,VALUE,298.92236328125
1759841478742,VALUE,298.92236328125
1759841483744,VALUE,298.92236328125
1759841488744,VALUE,298.92236328125
1759841493743,VALUE,298.92236328125
1759841498745,VALUE,298.92236328125
1759841503743,VALUE,298.92236328125
1759841508742,VALUE,298.92236328125
1759841513740,VALUE,298.92236328125
1759841518742,VALUE,298.92236328125
1759841523763,VALUE,298.92236328125
1759841528748,VALUE,298.92236328125
1759841533736,VALUE,298.92236328125
1759841538740,VALUE,298.92236328125
1759841543736,VALUE,298.92236328125
1759841548742,VALUE,298.92236328125
1759841553741,VALUE,298.92236328125
1759841558741,VALUE,298.92236328125
1759841563741,VALUE,298.92236328125
1759841568747,VALUE,298.92236328125
1759841573739,VALUE,298.92236328125
1759841578734,VALUE,298.92236328125
1759841583738,VALUE,298.92236328125
1759841588735,VALUE,298.92236328125
1759841593737,VALUE,298.92236328125
1759841598737,VALUE,298.92236328125
1759841603735,VALUE,298.92236328125
1759841608734,VALUE,298.92236328125
1759841613736,VALUE,298.92236328125
1759841618735,VALUE,298.92236328125
1759841623735,VALUE,298.92236328125
1759841628734,VALUE,298.92236328125
1759841633733,VALUE,298.92236328125
1759841638731,VALUE,298.92236328125
1759841643733,VALUE,298.92236328125
1759841648735,VALUE,298.92236328125
1759841653733,VALUE,298.92236328125
1759841658732,VALUE,298.92236328125
1759841663732,VALUE,298.92236328125
1759841668733,VALUE,298.92236328125
1759841673733,VALUE,298.92236328125
1759841678730,VALUE,298.92236328125
1759841683731,VALUE,298.92236328125
1759841688734,VALUE,298.92236328125
1759841693729,VALUE,321.91455078125
1759841698732,VALUE,321.91455078125
1759841703731,VALUE,321.91455078125
1759841708730,VALUE,321.91455078125
1759841713728,VALUE,321.91455078125
1759841718729,VALUE,321.91455078125
1759841723729,VALUE,321.91455078125
1759841728731,VALUE,321.91455078125
1759841733729,VALUE,321.91455078125
1759841738725,VALUE,321.91455078125
1759841743731,VALUE,321.91455078125
1759841748728,VALUE,321.91455078125
1759841753728,VALUE,321.91455078125
1759841758727,VALUE,321.91455078125
1759841763723,VALUE,321.91455078125
1759841768727,VALUE,321.91455078125
1759841773724,VALUE,321.91455078125
1759841778728,VALUE,321.91455078125
1759841783726,VALUE,321.91455078125
1759841788722,VALUE,321.91455078125
1759841793725,VALUE,321.91455078125
1759841798754,VALUE,321.91455078125
1759841803725,VALUE,321.91455078125
1759841808722,VALUE,321.91455078125
1759841813726,VALUE,321.91455078125
1759841818724,VALUE,321.91455078125
1759841823724,VALUE,321.91455078125
1759841828722,VALUE,321.91455078125
1759841833726,VALUE,321.91455078125
1759841838755,VALUE,321.91455078125
1759841843723,VALUE,321.91455078125
1759841848720,VALUE,321.91455078125
1759841853719,VALUE,321.91455078125
1759841858722,VALUE,321.91455078125
1759841863720,VALUE,321.91455078125
1759841868724,VALUE,321.91455078125
1759841873717,VALUE,321.91455078125
1759841878716,VALUE,321.91455078125
1759841883716,VALUE,321.91455078125
1759841888720,VALUE,321.91455078125
1759841893715,VALUE,321.91455078125
1759841898721,VALUE,321.91455078125
1759841903718,VALUE,321.91455078125
1759841908718,VALUE,321.91455078125
1759841913718,VALUE,321.91455078125
1759841918714,VALUE,321.91455078125
1759841923717,VALUE,321.91455078125
1759841928717,VALUE,321.91455078125
1759841933717,VALUE,321.91455078125
1759841938716,VALUE,321.91455078125
1759841943714,VALUE,321.91455078125
1759841948715,VALUE,321.91455078125
1759841953715,VALUE,321.91455078125
1759841958712,VALUE,321.91455078125
1759841963711,VALUE,321.91455078125
1759841968715,VALUE,321.91455078125
1759841973715,VALUE,321.91455078125
1759841978715,VALUE,321.91455078125
1759841983709,VALUE,321.91455078125
1759841988712,VALUE,321.91455078125
1759841993714,VALUE,321.91455078125
1759841998709,VALUE,321.91455078125
1759842003710,VALUE,321.91455078125
1759842008710,VALUE,321.91455078125
1759842013711,VALUE,321.91455078125
1759842018711,VALUE,321.91455078125
1759842023712,VALUE,321.91455078125
1759842028712,VALUE,321.91455078125
1759842033707,VALUE,321.91455078125
1759842038711,VALUE,321.91455078125
1759842043709,VALUE,321.91455078125
1759842048712,VALUE,321.91455078125
1759842053709,VALUE,321.91455078125
1759842058711,VALUE,321.91455078125
1759842063706,VALUE,321.91455078125
1759842068708,VALUE,321.91455078125
1759842073709,VALUE,321.91455078125
1759842078709,VALUE,321.91455078125
1759842083708,VALUE,321.91455078125
1759842088710,VALUE,321.91455078125
1759842093704,VALUE,321.91455078125
1759842098706,VALUE,321.91455078125
1759842103705,VALUE,321.91455078125
1759842108704,VALUE,321.91455078125
1759842113702,VALUE,321.91455078125
1759842118707,VALUE,321.91455078125
1759842123701,VALUE,321.91455078125
1759842128702,VALUE,321.91455078125
1759842133703,VALUE,321.91455078125
1759842138703,VALUE,321.91455078125
1759842143704,VALUE,321.91455078125
1759842148702,VALUE,321.91455078125
1759842153701,VALUE,321.91455078125
1759842158700,VALUE,321.91455078125
1759842163702,VALUE,321.91455078125
1759842168700,VALUE,321.91455078125
1759842173702,VALUE,321.91455078125
1759842178703,VALUE,321.91455078125
1759842183702,VALUE,321.91455078125
1759842188700,VALUE,321.91455078125
1759842193700,VALUE,321.91455078125
1759842198701,VALUE,321.91455078125
1759842203700,VALUE,321.91455078125
1759842208699,VALUE,321.91455078125
1759842213701,VALUE,321.91455078125
1759842218699,VALUE,321.91455078125
1759842223694,VALUE,321.91455078125
1759842228695,VALUE,321.91455078125
1759842233699,VALUE,321.91455078125
1759842238698,VALUE,321.91455078125
1759842243700,VALUE,321.91455078125
1759842248693,VALUE,321.91455078125
1759842253694,VALUE,321.91455078125
1759842258695,VALUE,321.91455078125
1759842263697,VALUE,321.91455078125
1759842268691,VALUE,321.91455078125
1759842273696,VALUE,321.91455078125
1759842278693,VALUE,321.91455078125
1759842283696,VALUE,321.91455078125
1759842288692,VALUE,321.91455078125
1759842293692,VALUE,322.14111328125
1759842298691,VALUE,322.14111328125
1759842303690,VALUE,322.14111328125
1759842308690,VALUE,322.14111328125
1759842313692,VALUE,322.14111328125
1759842318693,VALUE,322.14111328125
1759842323692,VALUE,322.14111328125
1759842328690,VALUE,322.14111328125
1759842333701,VALUE,322.14111328125
1759842338694,VALUE,322.14111328125
1759842343699,VALUE,322.14111328125
1759842348692,VALUE,322.14111328125
1759842353692,VALUE,322.14111328125
1759842358688,VALUE,322.14111328125
1759842363690,VALUE,322.14111328125
1759842368693,VALUE,322.14111328125
1759842373691,VALUE,322.14111328125
1759842378688,VALUE,322.14111328125
1759842383691,VALUE,322.14111328125
1759842388686,VALUE,322.14111328125
1759842393685,VALUE,322.14111328125
1759842398684,VALUE,322.14111328125
1759842403688,VALUE,322.14111328125
1759842408688,VALUE,322.14111328125
1759842413688,VALUE,322.14111328125
1759842418684,VALUE,322.14111328125
1759842423688,VALUE,322.14111328125
1759842428684,VALUE,322.14111328125
1759842433684,VALUE,322.14111328125
1759842438683,VALUE,322.14111328125
1759842443687,VALUE,322.14111328125
1759842448682,VALUE,322.14111328125
1759842453685,VALUE,322.14111328125
1759842458686,VALUE,322.14111328125
1759842463684,VALUE,322.14111328125
1759842468685,VALUE,322.14111328125
1759842473685,VALUE,322.14111328125
1759842478685,VALUE,322.14111328125
1759842483681,VALUE,322.14111328125
1759842488683,VALUE,322.14111328125
1759842493682,VALUE,322.14111328125
1759842498681,VALUE,322.14111328125
1759842503680,VALUE,322.14111328125
1759842508679,VALUE,322.14111328125
1759842513678,VALUE,322.14111328125
1759842518687,VALUE,322.14111328125
1759842523714,VALUE,322.14111328125
1759842528683,VALUE,322.14111328125
1759842533681,VALUE,322.14111328125
1759842538680,VALUE,322.14111328125
1759842543677,VALUE,322.14111328125
1759842548680,VALUE,322.14111328125
1759842553680,VALUE,322.14111328125
1759842558678,VALUE,322.14111328125
1759842563678,VALUE,322.14111328125
1759842568677,VALUE,322.14111328125
1759842573679,VALUE,322.14111328125
1759842578677,VALUE,322.14111328125
1759842583676,VALUE,322.14111328125
1759842588677,VALUE,322.14111328125
1759842593679,VALUE,322.14111328125
1759842598936,VALUE,322.14111328125
1759842603932,VALUE,322.14111328125
1759842608929,VALUE,322.14111328125
1759842613929,VALUE,322.14111328125
1759842618925,VALUE,322.14111328125
1759842623921,VALUE,322.14111328125
1759842628925,VALUE,322.14111328125
1759842633923,VALUE,322.14111328125
1759842638924,VALUE,322.14111328125
1759842643923,VALUE,322.14111328125
1759842648946,VALUE,322.14111328125
1759842653924,VALUE,322.14111328125
1759842658928,VALUE,322.14111328125
1759842663920,VALUE,322.14111328125
1759842668923,VALUE,322.14111328125
1759842673922,VALUE,322.14111328125
1759842678925,VALUE,322.14111328125
1759842683922,VALUE,322.14111328125
1759842688924,VALUE,322.14111328125
1759842693921,VALUE,322.14111328125
1759842698923,VALUE,322.14111328125
1759842703922,VALUE,322.14111328125
1759842708925,VALUE,322.14111328125
1759842713922,VALUE,322.14111328125
1759842718925,VALUE,322.14111328125
1759842723921,VALUE,322.14111328125
1759842728923,VALUE,322.14111328125
1759842733924,VALUE,322.14111328125
1759842738921,VALUE,322.14111328125
1759842743925,VALUE,322.14111328125
1759842748927,VALUE,322.14111328125
1759842753924,VALUE,322.14111328125
1759842758921,VALUE,322.14111328125
1759842763926,VALUE,322.14111328125
1759842768924,VALUE,322.14111328125
1759842773924,VALUE,322.14111328125
1759842778925,VALUE,322.14111328125
1759842783924,VALUE,322.14111328125
1759842788926,VALUE,322.14111328125
1759842793924,VALUE,322.14111328125
1759842798925,VALUE,322.14111328125
1759842803924,VALUE,322.14111328125
1759842808931,VALUE,322.14111328125
1759842813925,VALUE,322.14111328125
1759842818926,VALUE,322.14111328125
1759842823926,VALUE,322.14111328125
1759842828927,VALUE,322.14111328125
1759842833925,VALUE,322.14111328125
1759842838946,VALUE,322.14111328125
1759843579394,VALUE,322.14111328125
1759843584403,VALUE,322.14111328125
1759843589403,VALUE,322.14111328125
1759843594417,VALUE,322.14111328125
1759843599418,VALUE,322.14111328125
1759843604421,VALUE,322.14111328125
1759843609420,VALUE,322.14111328125
1759843614423,VALUE,322.14111328125
1759843619423,VALUE,322.14111328125
1759843710600,VALUE,322.14111328125
1759843715484,VALUE,322.14111328125
1759843720483,VALUE,322.14111328125
1759843725478,VALUE,322.14111328125
1759843730483,VALUE,322.14111328125
1759843735478,VALUE,322.14111328125
1759843740483,VALUE,322.14111328125
1759843745476,VALUE,322.14111328125
1759843750483,VALUE,322.14111328125
1759843755477,VALUE,322.14111328125
1759844028940,VALUE,322.14111328125
1759844033841,VALUE,322.14111328125
1759844038830,VALUE,322.14111328125
1759844043820,VALUE,322.14111328125
1759844048828,VALUE,322.14111328125
1759844053829,VALUE,322.14111328125
1759844058828,VALUE,322.14111328125
1759844063834,VALUE,322.14111328125
1759844068829,VALUE,322.14111328125
1759844073829,VALUE,322.14111328125
1759844078828,VALUE,322.14111328125
1759844083825,VALUE,322.14111328125
1759844088828,VALUE,322.14111328125
1759844093822,VALUE,322.14111328125
1759844439073,VALUE,322.14111328125
1759844444123,VALUE,322.14111328125
1759844449076,VALUE,322.14111328125
1759844454073,VALUE,322.14111328125
1759844459075,VALUE,322.14111328125
1759844464064,VALUE,322.14111328125
1759844469073,VALUE,322.14111328125
1759844474069,VALUE,322.14111328125
1759844479070,VALUE,322.14111328125
1759844484072,VALUE,322.14111328125
1759844489073,VALUE,322.14111328125
1759844494070,VALUE,322.14111328125
1759844499067,VALUE,322.14111328125
1759844504113,VALUE,322.14111328125
1759844509083,VALUE,322.14111328125
1759844514074,VALUE,322.14111328125
1759844519069,VALUE,322.14111328125
1759844524067,VALUE,322.14111328125
1759844529071,VALUE,322.14111328125
1759844534065,VALUE,322.14111328125
1759844539069,VALUE,322.14111328125
1759844544068,VALUE,322.14111328125
1759844549069,VALUE,322.14111328125
1759844554069,VALUE,322.14111328125
1759844559071,VALUE,322.14111328125
1759844564063,VALUE,322.14111328125
1759844569069,VALUE,322.14111328125
1759844574064,VALUE,322.14111328125
1759844579070,VALUE,322.14111328125
1759844584063,VALUE,322.14111328125
1759844589067,VALUE,322.14111328125
1759844594068,VALUE,322.14111328125
1759844599069,VALUE,322.14111328125
1759844604069,VALUE,322.14111328125
1759844609064,VALUE,322.14111328125
1759844614075,VALUE,322.14111328125
1759844619114,VALUE,322.14111328125
1759844624079,VALUE,322.14111328125
1759844629066,VALUE,322.14111328125
1759844634069,VALUE,322.14111328125
1759844639077,VALUE,322.14111328125
1759844644066,VALUE,322.14111328125
1759844649069,VALUE,322.14111328125
1759844654067,VALUE,322.14111328125
1759844659067,VALUE,322.14111328125
1759844664064,VALUE,322.14111328125
1759844669064,VALUE,322.14111328125
1759844674068,VALUE,322.14111328125
1759844679067,VALUE,322.14111328125
1759844684065,VALUE,322.14111328125
1759844689065,VALUE,322.14111328125
1759844694067,VALUE,322.14111328125
1759844699069,VALUE,322.14111328125
1759844704064,VALUE,322.14111328125
1759844709069,VALUE,322.14111328125
1759844714067,VALUE,322.14111328125
1759844719070,VALUE,322.14111328125
1759844724068,VALUE,322.14111328125
1759844729069,VALUE,322.14111328125
1759844734066,VALUE,322.14111328125
1759844739076,VALUE,322.14111328125
1759844744068,VALUE,322.14111328125
1759844749068,VALUE,322.14111328125
1759844754083,VALUE,322.14111328125
1759844759069,VALUE,322.14111328125
1759844764063,VALUE,322.14111328125
1759844769068,VALUE,322.14111328125
1759844774067,VALUE,322.14111328125
1759844779069,VALUE,322.14111328125
1759844784066,VALUE,322.14111328125
1759844789067,VALUE,322.14111328125
1759844794067,VALUE,322.14111328125
1759844799066,VALUE,322.14111328125
1759844804064,VALUE,322.14111328125
1759844809069,VALUE,322.14111328125
1759844814067,VALUE,322.14111328125
1759844819065,VALUE,322.14111328125
1759844824074,VALUE,322.14111328125
